time,data,key
2018-06,20374.59912,g
2018-05,19406.59912,g
2018-04,19306.99951,g
2018-03,18315.59961,g
2018-02,17353.59961,g
2018-01,16379.59961,g
2017-12,7129.599609,g
2017-11,6162.599609,g
2017-10,5212.599609,g
2017-09,5115.599609,g
2017-08,4162,g
2017-07,3167,g
2017-06,2171,g
2017-05,2171,g
2017-04,1177,g
2017-03,197,g
2017-02,98,g
2017-01,0,g
